{
  "hello": "Hi there! ",
  "hi": "Hello! How can I help you?",
  "how are you": "I'm doing great ",
  "what is your name": "I am a Python chatbot.",
  "who made you": "I was created as a college project chatbot.",
  "what can you do": "I can answer general questions and chat with you.",
  "bye": "Goodbye! Have a nice day ",
  "thank you": "You're welcome ",
  "thanks": "Happy to help!",

  "what is ai": "AI stands for Artificial Intelligence.",
  "what is machine learning": "Machine Learning is a part of AI that allows systems to learn from data.",
  "what is python": "Python is a popular programming language.",
  "what is flask": "Flask is a lightweight Python web framework.",
  "what is chatbot": "A chatbot is a program that can talk with users automatically.",

  "capital of india": "New Delhi",
  "capital of usa": "Washington D.C.",
  "capital of japan": "Tokyo",
  "capital of france": "Paris",
  "capital of germany": "Berlin",

  "who is prime minister of india": "Narendra Modi",
  "who is president of india": "Droupadi Murmu",

  "what is your purpose": "My purpose is to help answer your questions.",
  "are you human": "No, I am a chatbot ",
  "do you sleep": "No, I am always available!",
  "tell me a joke": "Why do programmers prefer dark mode? Because light attracts bugs ",
  "who are you": "I am your friendly chatbot assistant.",
  "what is computer": "A computer is an electronic machine that processes data.",
  "what is internet": "The internet is a global network connecting millions of computers.",
  "what is software": "Software is a set of instructions that tells a computer what to do.",
  "what is hardware": "Hardware refers to the physical parts of a computer.",
  "who is father of computer": "Charles Babbage"
}
